,Be7,Be7 error,C10,C10 error,C11,C11 error,F17,F17 error,O14,O14 error,O15,O15 error,energy,thickness
0,4.656992110723601,0.0838587370635151,1.6256673518554048,0.07061447736121321,43920.04506680971,454.84313543209515,3.1509426411985126,3.1509426411985126,386.2216046440437,38.81673177373568,19953.694333162304,418.34310412076223,0.25,1.0
1,4.758165415334003,0.08476475955238809,1.5091100700242623,0.06803593627558599,45168.3088959286,461.26146237128233,0.0,0.0,479.8510845577512,43.26671521079587,20076.486298289456,419.62833941948105,0.23,1.0
2,4.762695563301634,0.08480510131379898,1.5765906016107134,0.06954043032356108,45304.91135270011,461.9584320228738,0.0,0.0,472.04862789827564,42.913511627115966,20848.32150766013,427.61851887002115,0.2,1.0
3,5.14322799258255,0.08812790673722552,1.3557452255096019,0.06448622422064636,45936.10891157532,465.1653518334751,0.0,0.0,374.5179196548303,38.224075111791706,20199.27826341661,420.9096503081243,0.15,1.0
4,6.203282617007961,0.09678462023151008,1.2269187561172867,0.06134593780586435,49723.2942648266,483.9608189950217,0.0,0.0,171.65404650846386,25.877821182490457,21760.490391461837,436.87309184526026,0.1,1.0
5,6.641196920545524,0.10014257291854725,0.8465739417209278,0.050957763087128086,55813.879665018045,512.7449148755201,0.0,0.0,117.03684989213444,21.36790758175603,22725.284403175177,446.4528714480808,0.07,1.0
