,Be7,C10,C11,F17,O14,O15,energy,thickness
0,4.656992110723601,1.6256673518554048,43920.04506680971,3.1509426411985126,386.2216046440437,19953.694333162304,0.25,1.0
1,4.758165415334003,1.5091100700242623,45168.3088959286,0.0,479.8510845577512,20076.486298289456,0.23,1.0
2,4.762695563301634,1.5765906016107134,45304.91135270011,0.0,472.04862789827564,20848.32150766013,0.2,1.0
3,5.14322799258255,1.3557452255096019,45936.10891157532,0.0,374.5179196548303,20199.27826341661,0.15,1.0
4,6.203282617007961,1.2269187561172867,49723.2942648266,0.0,171.65404650846386,21760.490391461837,0.1,1.0
5,6.641196920545524,0.8465739417209278,55813.879665018045,0.0,117.03684989213444,22725.284403175177,0.07,1.0
