,Be7,C10,C11,F17,O14,O15,energy,thickness
0,30840000.0,5300000.0,93240000.0,10000.0,990000.0,22750000.0,0.25,1.0
1,31510000.0,4920000.0,95890000.0,0.0,1230000.0,22890000.0,0.23,1.0
2,31540000.000000004,5140000.0,96180000.0,0.0,1210000.0,23770000.0,0.2,1.0
3,34060000.0,4420000.0,97520000.0,0.0,960000.0,23030000.0,0.15,1.0
4,41080000.0,4000000.0000000005,105560000.0,0.0,440000.0,24810000.0,0.1,1.0
5,43980000.0,2760000.0,118490000.0,0.0,300000.0,25910000.0,0.07,1.0
