,Be7,C10,C11,F17,O14,O15,energy,thickness
0,4.657160897099966,9043.789556302461,50336.35833527863,41.56480974072973,4075.378912355883,77812.75526036778,0.25,1.0
1,4.7583378685998685,8395.366908869455,51766.981990238826,0.0,5063.349557775491,78291.60298504696,0.23,1.0
2,4.762868180756581,8770.769494225407,51923.54080530994,0.0,4981.018670657191,81301.50296874471,0.2,1.0
3,5.14341440192039,7542.179214878658,52646.950502535095,0.0,3951.8825816784324,78770.45070972615,0.15,1.0
4,6.203507446591005,6825.501551926388,56987.40868588602,0.0,1811.2795166026149,84858.65749493295,0.1,1.0
5,6.6414376217398345,4709.596070829207,63967.77240612575,0.0,1234.9633067745099,88621.03247455513,0.07,1.0
