,Be7,Be7 error,C10,C10 error,C11,C11 error,F17,F17 error,O14,O14 error,O15,O15 error,energy,thickness
0,4.657203094649898,0.08386253626376695,78105.23421114414,3392.67457558295,52081.86727949962,539.3682947394706,79.21312043557882,79.21312043557882,7345.153081384522,738.2156605659169,109347.19906980469,2292.540214457786,0.25,1.0
1,4.75838098289294,0.08476859979977455,72505.23628657154,3268.788495699441,53562.10053015035,546.9793627903956,0.0,0.0,9125.796252629254,822.8453373157643,110020.10491023425,2299.5833653507502,0.23,1.0
2,4.762911336097853,0.0848089433888594,75747.34034816621,3341.0719550752174,53724.0883198442,547.8058528551669,0.0,0.0,8977.409321692194,816.1281201538358,114249.79876436296,2343.3699308054292,0.2,1.0
3,5.14346100531049,0.08813189935119989,65136.8179647655,3098.2424789409997,54472.58362394683,551.6087262743008,0.0,0.0,7122.572684978931,726.9445305868137,110693.01075066383,2306.605010288847,0.15,1.0
4,6.20356365525998,0.09678900503584216,58947.34657444842,2947.3673287224215,58963.55544856263,573.8970236718739,0.0,0.0,3264.512480615343,492.14377371061136,119248.5278646969,2394.085433234855,0.1,1.0
5,6.641497798401508,0.10014710985413175,40673.669136369404,2448.2671785550765,66185.97655456788,608.0301731057617,0.0,0.0,2225.8039640559155,406.3743465659476,124535.64518235778,2446.583083533804,0.07,1.0
