,Be7,C10,C11,F17,O14,O15,energy,thickness
0,4.657203094649898,78105.23421114414,52081.86727949962,79.21312043557882,7345.153081384522,109347.19906980469,0.25,1.0
1,4.75838098289294,72505.23628657154,53562.10053015035,0.0,9125.796252629254,110020.10491023425,0.23,1.0
2,4.762911336097853,75747.34034816621,53724.0883198442,0.0,8977.409321692194,114249.79876436296,0.2,1.0
3,5.14346100531049,65136.8179647655,54472.58362394683,0.0,7122.572684978931,110693.01075066383,0.15,1.0
4,6.20356365525998,58947.34657444842,58963.55544856263,0.0,3264.512480615343,119248.5278646969,0.1,1.0
5,6.641497798401508,40673.669136369404,66185.97655456788,0.0,2225.8039640559155,124535.64518235778,0.07,1.0
