,Be7,Be7 error,C10,C10 error,C11,C11 error,F17,F17 error,O14,O14 error,O15,O15 error,energy,thickness
0,4.657118699932374,0.08386101656301202,1047.178596476388,45.4865315524932,48649.34962604355,503.82058322075414,21.80994006148367,21.80994006148367,2261.180004725561,227.25714118571926,55372.47348553148,1160.9224865333824,0.25,1.0
1,4.758294754697442,0.08476706367994263,972.0978669177035,43.825556426233796,50032.026336779454,510.930034743488,0.0,0.0,2809.3448543560003,253.31009484820055,55713.22716851937,1164.4890770761021,0.23,1.0
2,4.762825025806326,0.08480740653794795,1015.5656577148368,44.79468086843134,50183.338127765644,511.70205399363766,0.0,0.0,2763.66445022013,251.24222274728456,57855.10746158608,1186.6622141595121,0.2,1.0
3,5.143367798952551,0.08813030228390448,873.3074332878557,41.538998549959466,50882.50295508116,515.254294499113,0.0,0.0,2192.6593985217564,223.78736275400726,56053.98085150726,1168.04477718975,0.15,1.0
4,6.20345123843132,0.09678725109027153,790.3234690387835,39.51617345193918,55077.49191897423,536.0736550424815,0.0,0.0,1004.9688909891382,151.50476079047954,60386.42053521038,1212.3441048477782,0.1,1.0
5,6.641377445623405,0.1001452950552331,545.3231936367606,32.82459893670877,61823.910737772414,567.9572185049003,0.0,0.0,685.2060620380488,125.10093890584118,63063.77090154377,1238.9284597645926,0.07,1.0
