{"thickness (cm)":{"0":1,"1":1,"2":1,"3":1,"4":1,"5":1,"6":2,"7":2,"8":2,"9":2,"10":2,"11":2,"12":3,"13":3,"14":3,"15":3,"16":3,"17":3,"18":5,"19":5,"20":5,"21":5,"22":5,"23":5},"energy":{"0":250,"1":230,"2":200,"3":150,"4":100,"5":70,"6":250,"7":230,"8":200,"9":150,"10":100,"11":70,"12":250,"13":230,"14":200,"15":150,"16":100,"17":70,"18":250,"19":230,"20":200,"21":150,"22":100,"23":70},"Be7":{"0":3.3403804298,"1":3.2482632479,"2":3.2633644253,"3":3.7375413941,"4":4.3581997831,"5":6.0661429414,"6":6.484445554,"7":6.7230441561,"8":6.8302625153,"9":7.5022649073,"10":9.0244635842,"11":13.8085165686,"12":9.5983083235,"13":10.0422829376,"14":10.376018957,"15":11.2171545354,"16":13.9912408145,"17":20.3141037708,"18":16.4572630757,"19":16.6852908537,"20":17.3255807733,"21":18.7737836812,"22":26.8091201489,"23":20.0981569347},"C10":{"0":142947.3154430374,"1":147368.366436121,"2":139115.7379156983,"3":132631.5297925089,"4":91368.387190395,"5":38021.0385405192,"6":283831.4737559691,"7":287220.9461839999,"8":299452.520598198,"9":258042.0096296479,"10":182589.406014354,"11":47452.613992431,"12":440631.4156440019,"13":428989.3146955483,"14":423536.6851374119,"15":382126.1741688618,"16":241536.7525888024,"17":51431.5598862062,"18":717683.9445439094,"19":724168.1526670988,"20":709873.4211227951,"21":625136.6104220256,"22":294884.1012386782,"23":48631.5609239199},"C11":{"0":92791.0745653204,"1":93908.2317356229,"2":94545.0113226953,"3":95165.0335522131,"4":100259.2702487922,"5":118156.1281170373,"6":186766.3357311614,"7":188916.8632839936,"8":189006.2358576178,"9":190324.4813185747,"10":203847.6688650857,"11":246215.8545488056,"12":283422.7741057283,"13":284271.8135551581,"14":285712.9463048483,"15":286919.4760487749,"16":309351.9920284479,"17":413303.4667250896,"18":475780.4814742534,"19":474791.7973785357,"20":475188.3881739931,"21":479422.4138494394,"22":541547.5240899579,"23":412828.6749277111},"O14":{"0":28490.2907399157,"1":29603.1927219437,"2":27525.7756888248,"3":29083.838463664,"4":28490.2907399157,"5":17954.8186433844,"6":59725.7397021671,"7":61135.4155460692,"8":58983.8050474818,"9":64548.3149576216,"10":53641.8755337476,"11":26635.4541032025,"12":91777.3167845723,"13":89699.8997514534,"14":92593.4449047261,"15":89699.8997514534,"16":76567.6563635235,"17":26338.6802413283,"18":150093.3806428373,"19":149722.4133154946,"20":150241.7675737743,"21":149499.832919089,"22":105725.688292656,"23":24706.4240010207},"O15":{"0":188846.2176462693,"1":189326.8646751475,"2":197161.4112458632,"3":201775.6227230945,"4":209081.4575620441,"5":242534.4907719712,"6":371444.0239171211,"7":382354.7114726577,"8":385286.6583488151,"9":397975.7399112012,"10":427199.0792669996,"11":512994.5739217694,"12":558367.6534478774,"13":572979.3231257765,"14":588311.9633469931,"15":603596.5388653219,"16":646758.6420585898,"17":897271.8735099401,"18":951681.1171789594,"19":960140.504887217,"20":975761.5333257604,"21":1006234.5549566422,"22":1129712.7766754678,"23":936973.3180952846},"F17":{"0":158.4262408712,"1":237.6393613067,"2":316.8524817423,"3":158.4262408712,"4":79.2131204356,"5":316.8524817423,"6":633.7049634846,"7":792.1312043558,"8":158.4262408712,"9":712.9180839202,"10":633.7049634846,"11":871.3443247914,"12":1346.6230474048,"13":792.1312043558,"14":1029.7705656625,"15":1188.1968065337,"16":1108.9836860981,"17":1742.6886495827,"18":1980.3280108895,"19":1346.6230474048,"20":2059.541131325,"21":2059.541131325,"22":2534.8198539385,"23":31209.9694516181},"Be7 error":{"0":0.0710237124,"1":0.0700375609,"2":0.0702001745,"3":0.0751274087,"4":0.0811257961,"5":0.0957109714,"6":0.0989559308,"7":0.1007600527,"8":0.1015603297,"9":0.1064392,"10":0.1167390359,"11":0.144403898,"12":0.1203934202,"13":0.1231463745,"14":0.1251759172,"15":0.1301507741,"16":0.1453561863,"17":0.1751476188,"18":0.1576464552,"19":0.1587348532,"20":0.161751868,"21":0.1683764345,"22":0.2012086673,"23":0.1742141878},"C10 error":{"0":4589.7616891587,"1":4660.1969299645,"2":4527.8316048846,"3":4421.0509930836,"4":3669.4427320986,"5":2367.0864665071,"6":6467.440036875,"7":6505.942025977,"8":6643.0285853468,"9":6166.6222059581,"10":5187.2827658493,"11":2644.430790773,"12":8058.2337968001,"13":7951.0662508392,"14":7900.3740047209,"15":7504.2194837138,"16":5966.1442040314,"17":2753.068281698,"18":10284.1582312247,"19":10330.511975871,"20":10228.0441164128,"21":9598.1957198896,"22":6592.1611242086,"23":2677.0793209385},"C11 error":{"0":719.9382414163,"1":724.2591194934,"2":726.7105246089,"3":729.0894992898,"4":748.349392489,"5":812.4006577457,"6":1021.3896199129,"7":1027.2532024987,"8":1027.4961596527,"9":1031.0731278361,"10":1067.0751728957,"11":1172.7357062683,"12":1258.2284854493,"13":1260.111691137,"14":1263.3017585136,"15":1265.9663304514,"16":1314.5242410125,"17":1519.4158933004,"18":1630.2171272087,"19":1628.5224297538,"20":1629.2024353852,"21":1636.4446022332,"22":1739.2436568759,"23":1518.542910658},"O14 error":{"0":1453.8890611736,"1":1482.0133120096,"2":1429.067069127,"3":1468.9556714708,"4":1453.8890611736,"5":1154.1794561556,"6":2105.0557251947,"7":2129.7531176692,"8":2091.9399855141,"9":2188.3928296492,"10":1994.9628167162,"11":1405.7655011575,"12":2609.4591745514,"13":2579.7570456809,"14":2621.0357794489,"15":2579.7570456809,"16":2383.4470349503,"17":1397.9120011545,"18":3337.0567951084,"19":3332.9303476353,"20":3338.7059460839,"21":3330.4520250611,"22":2800.7419023319,"23":1353.9036952349},"O15 error":{"0":3012.779006608,"1":3016.6105978887,"2":3078.3931932872,"3":3114.2070188399,"4":3170.0848785282,"5":3414.2859046959,"6":4225.3220763671,"7":4286.9296244158,"8":4303.3346093674,"9":4373.6238630448,"10":4531.3570615127,"11":4965.57466751,"12":5180.5188316562,"13":5247.8644158275,"14":5317.6159812107,"15":5386.2499296525,"16":5575.5055349878,"17":6567.1231151744,"18":6763.3031974887,"19":6793.2958199957,"20":6848.334701858,"21":6954.4492894445,"22":7368.8064813433,"23":6710.8378126781},"F17 error":{"0":112.0242692379,"1":137.2011492205,"2":158.4262408712,"3":112.0242692379,"4":79.2131204356,"5":158.4262408712,"6":224.0485384758,"7":250.4938811457,"8":112.0242692379,"9":237.6393613067,"10":224.0485384758,"11":262.720198958,"12":326.6040624907,"13":250.4938811457,"14":285.60696742,"15":306.7910962481,"16":296.3883572072,"17":371.5424684758,"18":396.0656021779,"19":326.6040624907,"20":403.9092468336,"21":403.9092468336,"22":448.0970769516,"23":1572.3355459194}}